id_player,name_player,image_player
1630173,Precious Achiuwa,https://cdn.nba.com/headshots/nba/latest/1040x760/1630173.png
203500,Steven Adams,https://cdn.nba.com/headshots/nba/latest/1040x760/203500.png
1628389,Bam Adebayo,https://cdn.nba.com/headshots/nba/latest/1040x760/1628389.png
1630534,Ochai Agbaji,https://cdn.nba.com/headshots/nba/latest/1040x760/1630534.png
1630583,Santi Aldama,https://cdn.nba.com/headshots/nba/latest/1040x760/1630583.png
1641725,Trey Alexander,https://cdn.nba.com/headshots/nba/latest/1040x760/1641725.png
1629638,Nickeil Alexander-Walker,https://cdn.nba.com/headshots/nba/latest/1040x760/1629638.png
1628960,Grayson Allen,https://cdn.nba.com/headshots/nba/latest/1040x760/1628960.png
1628386,Jarrett Allen,https://cdn.nba.com/headshots/nba/latest/1040x760/1628386.png
1630631,Jose Alvarado,https://cdn.nba.com/headshots/nba/latest/1040x760/1630631.png
203937,Kyle Anderson,https://cdn.nba.com/headshots/nba/latest/1040x760/203937.png
203507,Giannis Antetokounmpo,https://cdn.nba.com/headshots/nba/latest/1040x760/203507.png
1630175,Cole Anthony,https://cdn.nba.com/headshots/nba/latest/1040x760/1630175.png
1628384,OG Anunoby,https://cdn.nba.com/headshots/nba/latest/1040x760/1628384.png
1642379,Taran Armstrong,https://cdn.nba.com/headshots/nba/latest/1040x760/1642379.png
1630166,Deni Avdija,https://cdn.nba.com/headshots/nba/latest/1040x760/1630166.png
1629028,Deandre Ayton,https://cdn.nba.com/headshots/nba/latest/1040x760/1629028.png
1630542,Marcus Bagley,https://cdn.nba.com/headshots/nba/latest/1040x760/1630542.png
1628963,Marvin Bagley III,https://cdn.nba.com/headshots/nba/latest/1040x760/1628963.png
1631116,Patrick Baldwin Jr.,https://cdn.nba.com/headshots/nba/latest/1040x760/1631116.png
1630163,LaMelo Ball,https://cdn.nba.com/headshots/nba/latest/1040x760/1630163.png
1628366,Lonzo Ball,https://cdn.nba.com/headshots/nba/latest/1040x760/1628366.png
1628964,Mo Bamba,https://cdn.nba.com/headshots/nba/latest/1040x760/1628964.png
1631094,Paolo Banchero,https://cdn.nba.com/headshots/nba/latest/1040x760/1631094.png
1630217,Desmond Bane,https://cdn.nba.com/headshots/nba/latest/1040x760/1630217.png
1630625,Dalano Banton,https://cdn.nba.com/headshots/nba/latest/1040x760/1630625.png
1631230,Dominick Barlow,https://cdn.nba.com/headshots/nba/latest/1040x760/1631230.png
203084,Harrison Barnes,https://cdn.nba.com/headshots/nba/latest/1040x760/203084.png
1630567,Scottie Barnes,https://cdn.nba.com/headshots/nba/latest/1040x760/1630567.png
1629628,RJ Barrett,https://cdn.nba.com/headshots/nba/latest/1040x760/1629628.png
1629646,Charles Bassey,https://cdn.nba.com/headshots/nba/latest/1040x760/1629646.png
1641734,Emoni Bates,https://cdn.nba.com/headshots/nba/latest/1040x760/1641734.png
1642419,Jamison Battle,https://cdn.nba.com/headshots/nba/latest/1040x760/1642419.png
201587,Nicolas Batum,https://cdn.nba.com/headshots/nba/latest/1040x760/201587.png
1641878,Damion Baugh,https://cdn.nba.com/headshots/nba/latest/1040x760/1641878.png
203078,Bradley Beal,https://cdn.nba.com/headshots/nba/latest/1040x760/203078.png
1627736,Malik Beasley,https://cdn.nba.com/headshots/nba/latest/1040x760/1627736.png
1630699,MarJon Beauchamp,https://cdn.nba.com/headshots/nba/latest/1040x760/1630699.png
1641736,Reece Beekman,https://cdn.nba.com/headshots/nba/latest/1040x760/1641736.png
1630180,Saddiq Bey,https://cdn.nba.com/headshots/nba/latest/1040x760/1630180.png
1629048,Goga Bitadze,https://cdn.nba.com/headshots/nba/latest/1040x760/1629048.png
202687,Bismack Biyombo,https://cdn.nba.com/headshots/nba/latest/1040x760/202687.png
1641710,Anthony Black,https://cdn.nba.com/headshots/nba/latest/1040x760/1641710.png
203992,Bogdan Bogdanović,https://cdn.nba.com/headshots/nba/latest/1040x760/203992.png
1629626,Bol Bol,https://cdn.nba.com/headshots/nba/latest/1040x760/1629626.png
1641737,Adem Bona,https://cdn.nba.com/headshots/nba/latest/1040x760/1641737.png
1626164,Devin Booker,https://cdn.nba.com/headshots/nba/latest/1040x760/1626164.png
1630527,Brandon Boston,https://cdn.nba.com/headshots/nba/latest/1040x760/1630527.png
1628449,Chris Boucher,https://cdn.nba.com/headshots/nba/latest/1040x760/1628449.png
1631123,Jamaree Bouyea,https://cdn.nba.com/headshots/nba/latest/1040x760/1631123.png
1628396,Tony Bradley,https://cdn.nba.com/headshots/nba/latest/1040x760/1628396.png
1631103,Malaki Branham,https://cdn.nba.com/headshots/nba/latest/1040x760/1631103.png
1631128,Christian Braun,https://cdn.nba.com/headshots/nba/latest/1040x760/1631128.png
1641779,Jalen Bridges,https://cdn.nba.com/headshots/nba/latest/1040x760/1641779.png
1628969,Mikal Bridges,https://cdn.nba.com/headshots/nba/latest/1040x760/1628969.png
1628970,Miles Bridges,https://cdn.nba.com/headshots/nba/latest/1040x760/1628970.png
1629052,Oshae Brissett,https://cdn.nba.com/headshots/nba/latest/1040x760/1629052.png
1627763,Malcolm Brogdon,https://cdn.nba.com/headshots/nba/latest/1040x760/1627763.png
1628415,Dillon Brooks,https://cdn.nba.com/headshots/nba/latest/1040x760/1628415.png
1631232,Keion Brooks Jr.,https://cdn.nba.com/headshots/nba/latest/1040x760/1631232.png
1628971,Bruce Brown,https://cdn.nba.com/headshots/nba/latest/1040x760/1628971.png
1627759,Jaylen Brown,https://cdn.nba.com/headshots/nba/latest/1040x760/1627759.png
1641738,Kobe Brown,https://cdn.nba.com/headshots/nba/latest/1040x760/1641738.png
1629650,Moses Brown,https://cdn.nba.com/headshots/nba/latest/1040x760/1629650.png
1628973,Jalen Brunson,https://cdn.nba.com/headshots/nba/latest/1040x760/1628973.png
1628418,Thomas Bryant,https://cdn.nba.com/headshots/nba/latest/1040x760/1628418.png
1641723,Kobe Bufkin,https://cdn.nba.com/headshots/nba/latest/1040x760/1641723.png
202692,Alec Burks,https://cdn.nba.com/headshots/nba/latest/1040x760/202692.png
1630215,Jared Butler,https://cdn.nba.com/headshots/nba/latest/1040x760/1630215.png
202710,Jimmy Butler III,https://cdn.nba.com/headshots/nba/latest/1040x760/202710.png
1641824,Matas Buzelis,https://cdn.nba.com/headshots/nba/latest/1040x760/1641824.png
1631288,Jamal Cain,https://cdn.nba.com/headshots/nba/latest/1040x760/1631288.png
203484,Kentavious Caldwell-Pope,https://cdn.nba.com/headshots/nba/latest/1040x760/203484.png
1641739,Toumani Camara,https://cdn.nba.com/headshots/nba/latest/1040x760/1641739.png
203991,Clint Capela,https://cdn.nba.com/headshots/nba/latest/1040x760/203991.png
1642382,Branden Carlson,https://cdn.nba.com/headshots/nba/latest/1040x760/1642382.png
1642267,Bub Carrington,https://cdn.nba.com/headshots/nba/latest/1040x760/1642267.png
1642269,Devin Carter,https://cdn.nba.com/headshots/nba/latest/1040x760/1642269.png
1628975,Jevon Carter,https://cdn.nba.com/headshots/nba/latest/1040x760/1628975.png
1628976,Wendell Carter Jr.,https://cdn.nba.com/headshots/nba/latest/1040x760/1628976.png
1630618,D.J. Carton,https://cdn.nba.com/headshots/nba/latest/1040x760/1630618.png
1627936,Alex Caruso,https://cdn.nba.com/headshots/nba/latest/1040x760/1627936.png
1642264,Stephon Castle,https://cdn.nba.com/headshots/nba/latest/1040x760/1642264.png
1630658,Colin Castleton,https://cdn.nba.com/headshots/nba/latest/1040x760/1630658.png
1630577,Julian Champagnie,https://cdn.nba.com/headshots/nba/latest/1040x760/1630577.png
1630551,Justin Champagnie,https://cdn.nba.com/headshots/nba/latest/1040x760/1630551.png
1642279,Ulrich Chomche,https://cdn.nba.com/headshots/nba/latest/1040x760/1642279.png
1642353,Cam Christie,https://cdn.nba.com/headshots/nba/latest/1040x760/1642353.png
1631108,Max Christie,https://cdn.nba.com/headshots/nba/latest/1040x760/1631108.png
1630528,Josh Christopher,https://cdn.nba.com/headshots/nba/latest/1040x760/1630528.png
1631321,Sidy Cissoko,https://cdn.nba.com/headshots/nba/latest/1040x760/1631321.png
1641740,Jaylen Clark,https://cdn.nba.com/headshots/nba/latest/1040x760/1641740.png
1629634,Brandon Clarke,https://cdn.nba.com/headshots/nba/latest/1040x760/1629634.png
203903,Jordan Clarkson,https://cdn.nba.com/headshots/nba/latest/1040x760/203903.png
1629651,Nic Claxton,https://cdn.nba.com/headshots/nba/latest/1040x760/1629651.png
1642270,Donovan Clingan,https://cdn.nba.com/headshots/nba/latest/1040x760/1642270.png
1641730,Noah Clowney,https://cdn.nba.com/headshots/nba/latest/1040x760/1641730.png
1629599,Amir Coffey,https://cdn.nba.com/headshots/nba/latest/1040x760/1629599.png
1642268,Isaiah Collier,https://cdn.nba.com/headshots/nba/latest/1040x760/1642268.png
1628381,John Collins,https://cdn.nba.com/headshots/nba/latest/1040x760/1628381.png
1641879,Yuri Collins,https://cdn.nba.com/headshots/nba/latest/1040x760/1641879.png
1628380,Zach Collins,https://cdn.nba.com/headshots/nba/latest/1040x760/1628380.png
201144,Mike Conley,https://cdn.nba.com/headshots/nba/latest/1040x760/201144.png
1626192,Pat Connaughton,https://cdn.nba.com/headshots/nba/latest/1040x760/1626192.png
1641731,Bilal Coulibaly,https://cdn.nba.com/headshots/nba/latest/1040x760/1641731.png
1641741,Ricky Council IV,https://cdn.nba.com/headshots/nba/latest/1040x760/1641741.png
1628470,Torrey Craig,https://cdn.nba.com/headshots/nba/latest/1040x760/1628470.png
1642384,Isaiah Crawford,https://cdn.nba.com/headshots/nba/latest/1040x760/1642384.png
203109,Jae Crowder,https://cdn.nba.com/headshots/nba/latest/1040x760/203109.png
1630595,Cade Cunningham,https://cdn.nba.com/headshots/nba/latest/1040x760/1630595.png
203552,Seth Curry,https://cdn.nba.com/headshots/nba/latest/1040x760/203552.png
201939,Stephen Curry,https://cdn.nba.com/headshots/nba/latest/1040x760/201939.png
1642359,Pacome Dadiet,https://cdn.nba.com/headshots/nba/latest/1040x760/1642359.png
1630700,Dyson Daniels,https://cdn.nba.com/headshots/nba/latest/1040x760/1630700.png
1642368,N'Faly Dante,https://cdn.nba.com/headshots/nba/latest/1040x760/1642368.png
203076,Anthony Davis,https://cdn.nba.com/headshots/nba/latest/1040x760/203076.png
1631098,Johnny Davis,https://cdn.nba.com/headshots/nba/latest/1040x760/1631098.png
1631120,JD Davison,https://cdn.nba.com/headshots/nba/latest/1040x760/1631120.png
201942,DeMar DeRozan,https://cdn.nba.com/headshots/nba/latest/1040x760/201942.png
1642484,RayJ Dennis,https://cdn.nba.com/headshots/nba/latest/1040x760/1642484.png
1628978,Donte DiVincenzo,https://cdn.nba.com/headshots/nba/latest/1040x760/1628978.png
1631217,Moussa Diabaté,https://cdn.nba.com/headshots/nba/latest/1040x760/1631217.png
1641711,Gradey Dick,https://cdn.nba.com/headshots/nba/latest/1040x760/1641711.png
1631172,Ousmane Dieng,https://cdn.nba.com/headshots/nba/latest/1040x760/1631172.png
1642265,Rob Dillingham,https://cdn.nba.com/headshots/nba/latest/1040x760/1642265.png
203915,Spencer Dinwiddie,https://cdn.nba.com/headshots/nba/latest/1040x760/203915.png
1629029,Luka Dončić,https://cdn.nba.com/headshots/nba/latest/1040x760/1629029.png
1629652,Luguentz Dort,https://cdn.nba.com/headshots/nba/latest/1040x760/1629652.png
1630245,Ayo Dosunmu,https://cdn.nba.com/headshots/nba/latest/1040x760/1630245.png
1630288,Jeff Dowtin Jr.,https://cdn.nba.com/headshots/nba/latest/1040x760/1630288.png
1628408,PJ Dozier,https://cdn.nba.com/headshots/nba/latest/1040x760/1628408.png
203083,Andre Drummond,https://cdn.nba.com/headshots/nba/latest/1040x760/203083.png
1630537,Chris Duarte,https://cdn.nba.com/headshots/nba/latest/1040x760/1630537.png
1642505,Alex Ducas,https://cdn.nba.com/headshots/nba/latest/1040x760/1642505.png
1630561,David Duke Jr.,https://cdn.nba.com/headshots/nba/latest/1040x760/1630561.png
1627739,Kris Dunn,https://cdn.nba.com/headshots/nba/latest/1040x760/1627739.png
1642346,Ryan Dunn,https://cdn.nba.com/headshots/nba/latest/1040x760/1642346.png
201142,Kevin Durant,https://cdn.nba.com/headshots/nba/latest/1040x760/201142.png
1631105,Jalen Duren,https://cdn.nba.com/headshots/nba/latest/1040x760/1631105.png
1631106,Tari Eason,https://cdn.nba.com/headshots/nba/latest/1040x760/1631106.png
1641744,Zach Edey,https://cdn.nba.com/headshots/nba/latest/1040x760/1641744.png
1630162,Anthony Edwards,https://cdn.nba.com/headshots/nba/latest/1040x760/1630162.png
1642399,Jesse Edwards,https://cdn.nba.com/headshots/nba/latest/1040x760/1642399.png
1642348,Justin Edwards,https://cdn.nba.com/headshots/nba/latest/1040x760/1642348.png
1630556,Kessler Edwards,https://cdn.nba.com/headshots/nba/latest/1040x760/1630556.png
1631165,Keon Ellis,https://cdn.nba.com/headshots/nba/latest/1040x760/1631165.png
203954,Joel Embiid,https://cdn.nba.com/headshots/nba/latest/1040x760/203954.png
1630623,Tyson Etienne,https://cdn.nba.com/headshots/nba/latest/1040x760/1630623.png
1629234,Drew Eubanks,https://cdn.nba.com/headshots/nba/latest/1040x760/1629234.png
1641787,Tosan Evbuomwan,https://cdn.nba.com/headshots/nba/latest/1040x760/1641787.png
203957,Danté Exum,https://cdn.nba.com/headshots/nba/latest/1040x760/203957.png
1628981,Bruno Fernando,https://cdn.nba.com/headshots/nba/latest/1040x760/1628981.png
1642271,Kyle Filipowski,https://cdn.nba.com/headshots/nba/latest/1040x760/1642271.png
1627827,Dorian Finney-Smith,https://cdn.nba.com/headshots/nba/latest/1040x760/1627827.png
1641745,Adam Flagler,https://cdn.nba.com/headshots/nba/latest/1040x760/1641745.png
1642280,Trentyn Flowers,https://cdn.nba.com/headshots/nba/latest/1040x760/1642280.png
1630201,Malachi Flynn,https://cdn.nba.com/headshots/nba/latest/1040x760/1630201.png
1631323,Simone Fontecchio,https://cdn.nba.com/headshots/nba/latest/1040x760/1631323.png
1628368,De'Aaron Fox,https://cdn.nba.com/headshots/nba/latest/1040x760/1628368.png
1642402,Enrique Freeman,https://cdn.nba.com/headshots/nba/latest/1040x760/1642402.png
1628365,Markelle Fultz,https://cdn.nba.com/headshots/nba/latest/1040x760/1628365.png
1642277,Johnny Furphy,https://cdn.nba.com/headshots/nba/latest/1040x760/1642277.png
1629655,Daniel Gafford,https://cdn.nba.com/headshots/nba/latest/1040x760/1629655.png
1629636,Darius Garland,https://cdn.nba.com/headshots/nba/latest/1040x760/1629636.png
1630585,Marcus Garrett,https://cdn.nba.com/headshots/nba/latest/1040x760/1630585.png
1630568,Luka Garza,https://cdn.nba.com/headshots/nba/latest/1040x760/1630568.png
1641718,Keyonte George,https://cdn.nba.com/headshots/nba/latest/1040x760/1641718.png
1642273,Kyshawn George,https://cdn.nba.com/headshots/nba/latest/1040x760/1642273.png
202331,Paul George,https://cdn.nba.com/headshots/nba/latest/1040x760/202331.png
201959,Taj Gibson,https://cdn.nba.com/headshots/nba/latest/1040x760/201959.png
1630581,Josh Giddey,https://cdn.nba.com/headshots/nba/latest/1040x760/1630581.png
1628983,Shai Gilgeous-Alexander,https://cdn.nba.com/headshots/nba/latest/1040x760/1628983.png
1630264,Anthony Gill,https://cdn.nba.com/headshots/nba/latest/1040x760/1630264.png
1631221,Collin Gillespie,https://cdn.nba.com/headshots/nba/latest/1040x760/1631221.png
203497,Rudy Gobert,https://cdn.nba.com/headshots/nba/latest/1040x760/203497.png
1630692,Jordan Goodwin,https://cdn.nba.com/headshots/nba/latest/1040x760/1630692.png
203932,Aaron Gordon,https://cdn.nba.com/headshots/nba/latest/1040x760/203932.png
201569,Eric Gordon,https://cdn.nba.com/headshots/nba/latest/1040x760/201569.png
1641789,Jazian Gortman,https://cdn.nba.com/headshots/nba/latest/1040x760/1641789.png
203924,Jerami Grant,https://cdn.nba.com/headshots/nba/latest/1040x760/203924.png
1631260,AJ Green,https://cdn.nba.com/headshots/nba/latest/1040x760/1631260.png
203110,Draymond Green,https://cdn.nba.com/headshots/nba/latest/1040x760/203110.png
1630224,Jalen Green,https://cdn.nba.com/headshots/nba/latest/1040x760/1630224.png
1629750,Javonte Green,https://cdn.nba.com/headshots/nba/latest/1040x760/1629750.png
201145,Jeff Green,https://cdn.nba.com/headshots/nba/latest/1040x760/201145.png
1630182,Josh Green,https://cdn.nba.com/headshots/nba/latest/1040x760/1630182.png
1629656,Quentin Grimes,https://cdn.nba.com/headshots/nba/latest/1040x760/1629656.png
1631243,Mouhamed Gueye,https://cdn.nba.com/headshots/nba/latest/1040x760/1631243.png
1629060,Rui Hachimura,https://cdn.nba.com/headshots/nba/latest/1040x760/1629060.png
1630169,Tyrese Haliburton,https://cdn.nba.com/headshots/nba/latest/1040x760/1630169.png
1641790,PJ Hall,https://cdn.nba.com/headshots/nba/latest/1040x760/1641790.png
203501,Tim Hardaway Jr.,https://cdn.nba.com/headshots/nba/latest/1040x760/203501.png
201935,James Harden,https://cdn.nba.com/headshots/nba/latest/1040x760/201935.png
1630702,Jaden Hardy,https://cdn.nba.com/headshots/nba/latest/1040x760/1630702.png
1641989,Elijah Harkless,https://cdn.nba.com/headshots/nba/latest/1040x760/1641989.png
1631199,Ron Harper Jr.,https://cdn.nba.com/headshots/nba/latest/1040x760/1631199.png
203914,Gary Harris,https://cdn.nba.com/headshots/nba/latest/1040x760/203914.png
202699,Tobias Harris,https://cdn.nba.com/headshots/nba/latest/1040x760/202699.png
1628404,Josh Hart,https://cdn.nba.com/headshots/nba/latest/1040x760/1628404.png
1628392,Isaiah Hartenstein,https://cdn.nba.com/headshots/nba/latest/1040x760/1628392.png
1630573,Sam Hauser,https://cdn.nba.com/headshots/nba/latest/1040x760/1630573.png
1641722,Jordan Hawkins,https://cdn.nba.com/headshots/nba/latest/1040x760/1641722.png
1629637,Jaxson Hayes,https://cdn.nba.com/headshots/nba/latest/1040x760/1629637.png
1630165,Killian Hayes,https://cdn.nba.com/headshots/nba/latest/1040x760/1630165.png
1630703,Scoot Henderson,https://cdn.nba.com/headshots/nba/latest/1040x760/1630703.png
1641707,Taylor Hendricks,https://cdn.nba.com/headshots/nba/latest/1040x760/1641707.png
1629639,Tyler Herro,https://cdn.nba.com/headshots/nba/latest/1040x760/1629639.png
1627741,Buddy Hield,https://cdn.nba.com/headshots/nba/latest/1040x760/1627741.png
1629312,Haywood Highsmith,https://cdn.nba.com/headshots/nba/latest/1040x760/1629312.png
1628988,Aaron Holiday,https://cdn.nba.com/headshots/nba/latest/1040x760/1628988.png
201950,Jrue Holiday,https://cdn.nba.com/headshots/nba/latest/1040x760/201950.png
1641842,Ronald Holland II,https://cdn.nba.com/headshots/nba/latest/1040x760/1641842.png
1626158,Richaun Holmes,https://cdn.nba.com/headshots/nba/latest/1040x760/1626158.png
1641747,DaRon Holmes II,https://cdn.nba.com/headshots/nba/latest/1040x760/1641747.png
1631096,Chet Holmgren,https://cdn.nba.com/headshots/nba/latest/1040x760/1631096.png
1641720,Jalen Hood-Schifino,https://cdn.nba.com/headshots/nba/latest/1040x760/1641720.png
201143,Al Horford,https://cdn.nba.com/headshots/nba/latest/1040x760/201143.png
1629659,Talen Horton-Tucker,https://cdn.nba.com/headshots/nba/latest/1040x760/1629659.png
1631216,Caleb Houstan,https://cdn.nba.com/headshots/nba/latest/1040x760/1631216.png
1641724,Jett Howard,https://cdn.nba.com/headshots/nba/latest/1040x760/1641724.png
1628989,Kevin Huerter,https://cdn.nba.com/headshots/nba/latest/1040x760/1628989.png
1630643,Jay Huff,https://cdn.nba.com/headshots/nba/latest/1040x760/1630643.png
1630574,Ariel Hukporti,https://cdn.nba.com/headshots/nba/latest/1040x760/1630574.png
1629631,De'Andre Hunter,https://cdn.nba.com/headshots/nba/latest/1040x760/1629631.png
1630538,Bones Hyland,https://cdn.nba.com/headshots/nba/latest/1040x760/1630538.png
1642345,Oso Ighodaro,https://cdn.nba.com/headshots/nba/latest/1040x760/1642345.png
204060,Joe Ingles,https://cdn.nba.com/headshots/nba/latest/1040x760/204060.png
1627742,Brandon Ingram,https://cdn.nba.com/headshots/nba/latest/1040x760/1627742.png
1631127,Harrison Ingram,https://cdn.nba.com/headshots/nba/latest/1040x760/1631127.png
202681,Kyrie Irving,https://cdn.nba.com/headshots/nba/latest/1040x760/202681.png
1628371,Jonathan Isaac,https://cdn.nba.com/headshots/nba/latest/1040x760/1628371.png
1631093,Jaden Ivey,https://cdn.nba.com/headshots/nba/latest/1040x760/1631093.png
1641713,GG Jackson,https://cdn.nba.com/headshots/nba/latest/1040x760/1641713.png
1630543,Isaiah Jackson,https://cdn.nba.com/headshots/nba/latest/1040x760/1630543.png
1631245,Quenton Jackson,https://cdn.nba.com/headshots/nba/latest/1040x760/1631245.png
202704,Reggie Jackson,https://cdn.nba.com/headshots/nba/latest/1040x760/202704.png
1641748,Andre Jackson Jr.,https://cdn.nba.com/headshots/nba/latest/1040x760/1641748.png
1628991,Jaren Jackson Jr.,https://cdn.nba.com/headshots/nba/latest/1040x760/1628991.png
1631218,Trayce Jackson-Davis,https://cdn.nba.com/headshots/nba/latest/1040x760/1631218.png
1642355,Bronny James,https://cdn.nba.com/headshots/nba/latest/1040x760/1642355.png
2544,LeBron James,https://cdn.nba.com/headshots/nba/latest/1040x760/2544.png
1631170,Jaime Jaquez Jr.,https://cdn.nba.com/headshots/nba/latest/1040x760/1631170.png
1629610,DaQuan Jeffries,https://cdn.nba.com/headshots/nba/latest/1040x760/1629610.png
1641998,Trey Jemison III,https://cdn.nba.com/headshots/nba/latest/1040x760/1641998.png
1642450,Daniss Jenkins,https://cdn.nba.com/headshots/nba/latest/1040x760/1642450.png
1629660,Ty Jerome,https://cdn.nba.com/headshots/nba/latest/1040x760/1629660.png
1630198,Isaiah Joe,https://cdn.nba.com/headshots/nba/latest/1040x760/1630198.png
1642358,AJ Johnson,https://cdn.nba.com/headshots/nba/latest/1040x760/1642358.png
1629661,Cameron Johnson,https://cdn.nba.com/headshots/nba/latest/1040x760/1629661.png
1630552,Jalen Johnson,https://cdn.nba.com/headshots/nba/latest/1040x760/1630552.png
201949,James Johnson,https://cdn.nba.com/headshots/nba/latest/1040x760/201949.png
1629640,Keldon Johnson,https://cdn.nba.com/headshots/nba/latest/1040x760/1629640.png
1630553,Keon Johnson,https://cdn.nba.com/headshots/nba/latest/1040x760/1630553.png
1642352,Keshad Johnson,https://cdn.nba.com/headshots/nba/latest/1040x760/1642352.png
203999,Nikola Jokić,https://cdn.nba.com/headshots/nba/latest/1040x760/203999.png
1641732,Colby Jones,https://cdn.nba.com/headshots/nba/latest/1040x760/1641732.png
1641794,Dillon Jones,https://cdn.nba.com/headshots/nba/latest/1040x760/1641794.png
1630529,Herbert Jones,https://cdn.nba.com/headshots/nba/latest/1040x760/1630529.png
1642403,Isaac Jones,https://cdn.nba.com/headshots/nba/latest/1040x760/1642403.png
1630539,Kai Jones,https://cdn.nba.com/headshots/nba/latest/1040x760/1630539.png
1630222,Mason Jones,https://cdn.nba.com/headshots/nba/latest/1040x760/1630222.png
1642461,Spencer Jones,https://cdn.nba.com/headshots/nba/latest/1040x760/1642461.png
1630200,Tre Jones,https://cdn.nba.com/headshots/nba/latest/1040x760/1630200.png
1626145,Tyus Jones,https://cdn.nba.com/headshots/nba/latest/1040x760/1626145.png
1627884,Derrick Jones Jr.,https://cdn.nba.com/headshots/nba/latest/1040x760/1627884.png
201599,DeAndre Jordan,https://cdn.nba.com/headshots/nba/latest/1040x760/201599.png
202709,Cory Joseph,https://cdn.nba.com/headshots/nba/latest/1040x760/202709.png
1631107,Nikola Jović,https://cdn.nba.com/headshots/nba/latest/1040x760/1631107.png
1630548,Johnny Juzang,https://cdn.nba.com/headshots/nba/latest/1040x760/1630548.png
1642530,Yuki Kawamura,https://cdn.nba.com/headshots/nba/latest/1040x760/1642530.png
1630283,Kylor Kelley,https://cdn.nba.com/headshots/nba/latest/1040x760/1630283.png
1628379,Luke Kennard,https://cdn.nba.com/headshots/nba/latest/1040x760/1628379.png
1631117,Walker Kessler,https://cdn.nba.com/headshots/nba/latest/1040x760/1631117.png
1630296,Braxton Key,https://cdn.nba.com/headshots/nba/latest/1040x760/1630296.png
1630557,Corey Kispert,https://cdn.nba.com/headshots/nba/latest/1040x760/1630557.png
1628467,Maxi Kleber,https://cdn.nba.com/headshots/nba/latest/1040x760/1628467.png
1641752,Bobi Klintman,https://cdn.nba.com/headshots/nba/latest/1040x760/1641752.png
1642261,Dalton Knecht,https://cdn.nba.com/headshots/nba/latest/1040x760/1642261.png
1628995,Kevin Knox II,https://cdn.nba.com/headshots/nba/latest/1040x760/1628995.png
1642278,Tyler Kolek,https://cdn.nba.com/headshots/nba/latest/1040x760/1642278.png
1631132,Christian Koloko,https://cdn.nba.com/headshots/nba/latest/1040x760/1631132.png
1629723,John Konchar,https://cdn.nba.com/headshots/nba/latest/1040x760/1629723.png
1628436,Luke Kornet,https://cdn.nba.com/headshots/nba/latest/1040x760/1628436.png
1630249,Vít Krejčí,https://cdn.nba.com/headshots/nba/latest/1040x760/1630249.png
1630228,Jonathan Kuminga,https://cdn.nba.com/headshots/nba/latest/1040x760/1630228.png
1628398,Kyle Kuzma,https://cdn.nba.com/headshots/nba/latest/1040x760/1628398.png
1631222,Jake LaRavia,https://cdn.nba.com/headshots/nba/latest/1040x760/1631222.png
203897,Zach LaVine,https://cdn.nba.com/headshots/nba/latest/1040x760/203897.png
1627746,Skal Labissiere,https://cdn.nba.com/headshots/nba/latest/1040x760/1627746.png
1629111,Jock Landale,https://cdn.nba.com/headshots/nba/latest/1040x760/1629111.png
1641796,Pelle Larsson,https://cdn.nba.com/headshots/nba/latest/1040x760/1641796.png
1630639,A.J. Lawson,https://cdn.nba.com/headshots/nba/latest/1040x760/1630639.png
1627747,Caris LeVert,https://cdn.nba.com/headshots/nba/latest/1040x760/1627747.png
1627814,Damion Lee,https://cdn.nba.com/headshots/nba/latest/1040x760/1627814.png
203458,Alex Len,https://cdn.nba.com/headshots/nba/latest/1040x760/203458.png
202695,Kawhi Leonard,https://cdn.nba.com/headshots/nba/latest/1040x760/202695.png
1642502,Malevy Leons,https://cdn.nba.com/headshots/nba/latest/1040x760/1642502.png
1641721,Maxwell Lewis,https://cdn.nba.com/headshots/nba/latest/1040x760/1641721.png
1630604,E.J. Liddell,https://cdn.nba.com/headshots/nba/latest/1040x760/1630604.png
203081,Damian Lillard,https://cdn.nba.com/headshots/nba/latest/1040x760/203081.png
1641726,Dereck Lively II,https://cdn.nba.com/headshots/nba/latest/1040x760/1641726.png
1641753,Chris Livingston,https://cdn.nba.com/headshots/nba/latest/1040x760/1641753.png
1626172,Kevon Looney,https://cdn.nba.com/headshots/nba/latest/1040x760/1626172.png
201572,Brook Lopez,https://cdn.nba.com/headshots/nba/latest/1040x760/201572.png
201567,Kevin Love,https://cdn.nba.com/headshots/nba/latest/1040x760/201567.png
200768,Kyle Lowry,https://cdn.nba.com/headshots/nba/latest/1040x760/200768.png
1641754,Seth Lundy,https://cdn.nba.com/headshots/nba/latest/1040x760/1641754.png
1626168,Trey Lyles,https://cdn.nba.com/headshots/nba/latest/1040x760/1626168.png
1630572,Sandro Mamukelashvili,https://cdn.nba.com/headshots/nba/latest/1040x760/1630572.png
1629611,Terance Mann,https://cdn.nba.com/headshots/nba/latest/1040x760/1629611.png
1630544,Tre Mann,https://cdn.nba.com/headshots/nba/latest/1040x760/1630544.png
1628374,Lauri Markkanen,https://cdn.nba.com/headshots/nba/latest/1040x760/1628374.png
1630230,Naji Marshall,https://cdn.nba.com/headshots/nba/latest/1040x760/1630230.png
1628997,Caleb Martin,https://cdn.nba.com/headshots/nba/latest/1040x760/1628997.png
1628998,Cody Martin,https://cdn.nba.com/headshots/nba/latest/1040x760/1628998.png
1641798,Jaylen Martin,https://cdn.nba.com/headshots/nba/latest/1040x760/1641798.png
1630231,KJ Martin,https://cdn.nba.com/headshots/nba/latest/1040x760/1630231.png
1631213,Tyrese Martin,https://cdn.nba.com/headshots/nba/latest/1040x760/1631213.png
1629726,Garrison Mathews,https://cdn.nba.com/headshots/nba/latest/1040x760/1629726.png
1631097,Bennedict Mathurin,https://cdn.nba.com/headshots/nba/latest/1040x760/1631097.png
1631255,Karlo Matković,https://cdn.nba.com/headshots/nba/latest/1040x760/1631255.png
1630178,Tyrese Maxey,https://cdn.nba.com/headshots/nba/latest/1040x760/1630178.png
1630540,Miles McBride,https://cdn.nba.com/headshots/nba/latest/1040x760/1630540.png
1642272,Jared McCain,https://cdn.nba.com/headshots/nba/latest/1040x760/1642272.png
1630644,Mac McClung,https://cdn.nba.com/headshots/nba/latest/1040x760/1630644.png
203468,CJ McCollum,https://cdn.nba.com/headshots/nba/latest/1040x760/203468.png
204456,T.J. McConnell,https://cdn.nba.com/headshots/nba/latest/1040x760/204456.png
1641755,Kevin McCullar Jr.,https://cdn.nba.com/headshots/nba/latest/1040x760/1641755.png
1630183,Jaden McDaniels,https://cdn.nba.com/headshots/nba/latest/1040x760/1630183.png
1629667,Jalen McDaniels,https://cdn.nba.com/headshots/nba/latest/1040x760/1629667.png
203926,Doug McDermott,https://cdn.nba.com/headshots/nba/latest/1040x760/203926.png
1631121,Bryce McGowens,https://cdn.nba.com/headshots/nba/latest/1040x760/1631121.png
1629162,Jordan McLaughlin,https://cdn.nba.com/headshots/nba/latest/1040x760/1629162.png
1629098,Jack McVeigh,https://cdn.nba.com/headshots/nba/latest/1040x760/1629098.png
1629001,De'Anthony Melton,https://cdn.nba.com/headshots/nba/latest/1040x760/1629001.png
1630241,Sam Merrill,https://cdn.nba.com/headshots/nba/latest/1040x760/1630241.png
203995,Vasilije Micić,https://cdn.nba.com/headshots/nba/latest/1040x760/203995.png
203114,Khris Middleton,https://cdn.nba.com/headshots/nba/latest/1040x760/203114.png
1641706,Brandon Miller,https://cdn.nba.com/headshots/nba/latest/1040x760/1641706.png
1641801,Emanuel Miller,https://cdn.nba.com/headshots/nba/latest/1040x760/1641801.png
1641757,Jordan Miller,https://cdn.nba.com/headshots/nba/latest/1040x760/1641757.png
1631159,Leonard Miller,https://cdn.nba.com/headshots/nba/latest/1040x760/1631159.png
201988,Patty Mills,https://cdn.nba.com/headshots/nba/latest/1040x760/201988.png
1629003,Shake Milton,https://cdn.nba.com/headshots/nba/latest/1040x760/1629003.png
1631303,Justin Minaya,https://cdn.nba.com/headshots/nba/latest/1040x760/1631303.png
1642434,Riley Minix,https://cdn.nba.com/headshots/nba/latest/1040x760/1642434.png
1631169,Josh Minott,https://cdn.nba.com/headshots/nba/latest/1040x760/1631169.png
1642274,Yves Missi,https://cdn.nba.com/headshots/nba/latest/1040x760/1642274.png
1642349,Ajay Mitchell,https://cdn.nba.com/headshots/nba/latest/1040x760/1642349.png
1630558,Davion Mitchell,https://cdn.nba.com/headshots/nba/latest/1040x760/1630558.png
1628378,Donovan Mitchell,https://cdn.nba.com/headshots/nba/latest/1040x760/1628378.png
1630596,Evan Mobley,https://cdn.nba.com/headshots/nba/latest/1040x760/1630596.png
1642367,Jonathan Mogbo,https://cdn.nba.com/headshots/nba/latest/1040x760/1642367.png
1628370,Malik Monk,https://cdn.nba.com/headshots/nba/latest/1040x760/1628370.png
1630541,Moses Moody,https://cdn.nba.com/headshots/nba/latest/1040x760/1630541.png
1631386,Tazé Moore,https://cdn.nba.com/headshots/nba/latest/1040x760/1631386.png
1631111,Wendell Moore Jr.,https://cdn.nba.com/headshots/nba/latest/1040x760/1631111.png
1629630,Ja Morant,https://cdn.nba.com/headshots/nba/latest/1040x760/1629630.png
202693,Markieff Morris,https://cdn.nba.com/headshots/nba/latest/1040x760/202693.png
1628420,Monté Morris,https://cdn.nba.com/headshots/nba/latest/1040x760/1628420.png
1630530,Trey Murphy III,https://cdn.nba.com/headshots/nba/latest/1040x760/1630530.png
1627749,Dejounte Murray,https://cdn.nba.com/headshots/nba/latest/1040x760/1627749.png
1627750,Jamal Murray,https://cdn.nba.com/headshots/nba/latest/1040x760/1627750.png
1631099,Keegan Murray,https://cdn.nba.com/headshots/nba/latest/1040x760/1631099.png
1631200,Kris Murray,https://cdn.nba.com/headshots/nba/latest/1040x760/1631200.png
1629004,Svi Mykhailiuk,https://cdn.nba.com/headshots/nba/latest/1040x760/1629004.png
1631250,Pete Nance,https://cdn.nba.com/headshots/nba/latest/1040x760/1631250.png
1626204,Larry Nance Jr.,https://cdn.nba.com/headshots/nba/latest/1040x760/1626204.png
1629614,Andrew Nembhard,https://cdn.nba.com/headshots/nba/latest/1040x760/1629614.png
1630174,Aaron Nesmith,https://cdn.nba.com/headshots/nba/latest/1040x760/1630174.png
1641803,Tristen Newton,https://cdn.nba.com/headshots/nba/latest/1040x760/1641803.png
1627777,Georges Niang,https://cdn.nba.com/headshots/nba/latest/1040x760/1627777.png
1630227,Daishen Nix,https://cdn.nba.com/headshots/nba/latest/1040x760/1630227.png
1630192,Zeke Nnaji,https://cdn.nba.com/headshots/nba/latest/1040x760/1630192.png
1641936,Miles Norris,https://cdn.nba.com/headshots/nba/latest/1040x760/1641936.png
1629669,Jaylen Nowell,https://cdn.nba.com/headshots/nba/latest/1040x760/1629669.png
203994,Jusuf Nurkić,https://cdn.nba.com/headshots/nba/latest/1040x760/203994.png
1626220,Royce O'Neale,https://cdn.nba.com/headshots/nba/latest/1040x760/1626220.png
1626143,Jahlil Okafor,https://cdn.nba.com/headshots/nba/latest/1040x760/1626143.png
1629643,Chuma Okeke,https://cdn.nba.com/headshots/nba/latest/1040x760/1629643.png
1629006,Josh Okogie,https://cdn.nba.com/headshots/nba/latest/1040x760/1629006.png
1630168,Onyeka Okongwu,https://cdn.nba.com/headshots/nba/latest/1040x760/1630168.png
1630171,Isaac Okoro,https://cdn.nba.com/headshots/nba/latest/1040x760/1630171.png
1642439,Quincy Olivari,https://cdn.nba.com/headshots/nba/latest/1040x760/1642439.png
203482,Kelly Olynyk,https://cdn.nba.com/headshots/nba/latest/1040x760/203482.png
1626162,Kelly Oubre Jr.,https://cdn.nba.com/headshots/nba/latest/1040x760/1626162.png
101108,Chris Paul,https://cdn.nba.com/headshots/nba/latest/1040x760/101108.png
1626166,Cameron Payne,https://cdn.nba.com/headshots/nba/latest/1040x760/1626166.png
203901,Elfrid Payton,https://cdn.nba.com/headshots/nba/latest/1040x760/203901.png
1627780,Gary Payton II,https://cdn.nba.com/headshots/nba/latest/1040x760/1627780.png
1641809,Drew Peterson,https://cdn.nba.com/headshots/nba/latest/1040x760/1641809.png
1641763,Julian Phillips,https://cdn.nba.com/headshots/nba/latest/1040x760/1641763.png
1629618,Jalen Pickett,https://cdn.nba.com/headshots/nba/latest/1040x760/1629618.png
1630590,Scotty Pippen Jr.,https://cdn.nba.com/headshots/nba/latest/1040x760/1630590.png
1631342,Daeqwon Plowden,https://cdn.nba.com/headshots/nba/latest/1040x760/1631342.png
203486,Mason Plumlee,https://cdn.nba.com/headshots/nba/latest/1040x760/203486.png
1641764,Brandin Podziemski,https://cdn.nba.com/headshots/nba/latest/1040x760/1641764.png
1627751,Jakob Poeltl,https://cdn.nba.com/headshots/nba/latest/1040x760/1627751.png
1629673,Jordan Poole,https://cdn.nba.com/headshots/nba/latest/1040x760/1629673.png
1641854,Craig Porter Jr.,https://cdn.nba.com/headshots/nba/latest/1040x760/1641854.png
1629645,Kevin Porter Jr.,https://cdn.nba.com/headshots/nba/latest/1040x760/1629645.png
1629008,Michael Porter Jr.,https://cdn.nba.com/headshots/nba/latest/1040x760/1629008.png
1626171,Bobby Portis,https://cdn.nba.com/headshots/nba/latest/1040x760/1626171.png
204001,Kristaps Porziņģis,https://cdn.nba.com/headshots/nba/latest/1040x760/204001.png
1642366,Quinten Post,https://cdn.nba.com/headshots/nba/latest/1040x760/1642366.png
1630695,Micah Potter,https://cdn.nba.com/headshots/nba/latest/1040x760/1630695.png
203939,Dwight Powell,https://cdn.nba.com/headshots/nba/latest/1040x760/203939.png
1626181,Norman Powell,https://cdn.nba.com/headshots/nba/latest/1040x760/1626181.png
1627752,Taurean Prince,https://cdn.nba.com/headshots/nba/latest/1040x760/1627752.png
1630202,Payton Pritchard,https://cdn.nba.com/headshots/nba/latest/1040x760/1630202.png
1641765,Olivier-Maxence Prosper,https://cdn.nba.com/headshots/nba/latest/1040x760/1641765.png
1642389,Zyon Pullin,https://cdn.nba.com/headshots/nba/latest/1040x760/1642389.png
1630243,Trevelin Queen,https://cdn.nba.com/headshots/nba/latest/1040x760/1630243.png
1629674,Neemias Queta,https://cdn.nba.com/headshots/nba/latest/1040x760/1629674.png
1630193,Immanuel Quickley,https://cdn.nba.com/headshots/nba/latest/1040x760/1630193.png
1631311,Lester Quinones,https://cdn.nba.com/headshots/nba/latest/1040x760/1631311.png
203944,Julius Randle,https://cdn.nba.com/headshots/nba/latest/1040x760/203944.png
1641871,Duop Reath,https://cdn.nba.com/headshots/nba/latest/1040x760/1641871.png
1630559,Austin Reaves,https://cdn.nba.com/headshots/nba/latest/1040x760/1630559.png
1629629,Cam Reddish,https://cdn.nba.com/headshots/nba/latest/1040x760/1629629.png
1630194,Paul Reed,https://cdn.nba.com/headshots/nba/latest/1040x760/1630194.png
1642024,Alex Reese,https://cdn.nba.com/headshots/nba/latest/1040x760/1642024.png
1641810,Antonio Reeves,https://cdn.nba.com/headshots/nba/latest/1040x760/1641810.png
1629675,Naz Reid,https://cdn.nba.com/headshots/nba/latest/1040x760/1629675.png
1631197,Jared Rhoden,https://cdn.nba.com/headshots/nba/latest/1040x760/1631197.png
1630208,Nick Richards,https://cdn.nba.com/headshots/nba/latest/1040x760/1630208.png
1626196,Josh Richardson,https://cdn.nba.com/headshots/nba/latest/1040x760/1626196.png
1642258,Zaccharie Risacher,https://cdn.nba.com/headshots/nba/latest/1040x760/1642258.png
1641857,Liam Robbins,https://cdn.nba.com/headshots/nba/latest/1040x760/1641857.png
1629130,Duncan Robinson,https://cdn.nba.com/headshots/nba/latest/1040x760/1629130.png
1629011,Mitchell Robinson,https://cdn.nba.com/headshots/nba/latest/1040x760/1629011.png
1631115,Orlando Robinson,https://cdn.nba.com/headshots/nba/latest/1040x760/1631115.png
1630526,Jeremiah Robinson-Earl,https://cdn.nba.com/headshots/nba/latest/1040x760/1630526.png
1631223,David Roddy,https://cdn.nba.com/headshots/nba/latest/1040x760/1631223.png
1631157,Ryan Rollins,https://cdn.nba.com/headshots/nba/latest/1040x760/1631157.png
1642050,Jackson Rowe,https://cdn.nba.com/headshots/nba/latest/1040x760/1642050.png
1626179,Terry Rozier,https://cdn.nba.com/headshots/nba/latest/1040x760/1626179.png
1641712,Rayan Rupert,https://cdn.nba.com/headshots/nba/latest/1040x760/1641712.png
1626156,D'Angelo Russell,https://cdn.nba.com/headshots/nba/latest/1040x760/1626156.png
1630346,Matt Ryan,https://cdn.nba.com/headshots/nba/latest/1040x760/1630346.png
1627734,Domantas Sabonis,https://cdn.nba.com/headshots/nba/latest/1040x760/1627734.png
1642275,Tidjane Salaün,https://cdn.nba.com/headshots/nba/latest/1040x760/1642275.png
1641766,Adama Sanogo,https://cdn.nba.com/headshots/nba/latest/1040x760/1641766.png
1630611,Gui Santos,https://cdn.nba.com/headshots/nba/latest/1040x760/1630611.png
1642259,Alex Sarr,https://cdn.nba.com/headshots/nba/latest/1040x760/1642259.png
1631204,Marcus Sasser,https://cdn.nba.com/headshots/nba/latest/1040x760/1631204.png
1631248,Baylor Scheierman,https://cdn.nba.com/headshots/nba/latest/1040x760/1631248.png
203471,Dennis Schröder,https://cdn.nba.com/headshots/nba/latest/1040x760/203471.png
1630578,Alperen Sengun,https://cdn.nba.com/headshots/nba/latest/1040x760/1630578.png
1641729,Brice Sensabaugh,https://cdn.nba.com/headshots/nba/latest/1040x760/1641729.png
1629012,Collin Sexton,https://cdn.nba.com/headshots/nba/latest/1040x760/1629012.png
1629013,Landry Shamet,https://cdn.nba.com/headshots/nba/latest/1040x760/1629013.png
1630545,Terrence Shannon Jr.,https://cdn.nba.com/headshots/nba/latest/1040x760/1630545.png
1630549,Day'Ron Sharpe,https://cdn.nba.com/headshots/nba/latest/1040x760/1630549.png
1631101,Shaedon Sharpe,https://cdn.nba.com/headshots/nba/latest/1040x760/1631101.png
1642347,Jamal Shead,https://cdn.nba.com/headshots/nba/latest/1040x760/1642347.png
1641767,Ben Sheppard,https://cdn.nba.com/headshots/nba/latest/1040x760/1641767.png
1642263,Reed Sheppard,https://cdn.nba.com/headshots/nba/latest/1040x760/1642263.png
1627783,Pascal Siakam,https://cdn.nba.com/headshots/nba/latest/1040x760/1627783.png
1627732,Ben Simmons,https://cdn.nba.com/headshots/nba/latest/1040x760/1627732.png
1629014,Anfernee Simons,https://cdn.nba.com/headshots/nba/latest/1040x760/1629014.png
1642354,KJ Simpson,https://cdn.nba.com/headshots/nba/latest/1040x760/1642354.png
1630579,Jericho Sims,https://cdn.nba.com/headshots/nba/latest/1040x760/1630579.png
203935,Marcus Smart,https://cdn.nba.com/headshots/nba/latest/1040x760/203935.png
1630696,Dru Smith,https://cdn.nba.com/headshots/nba/latest/1040x760/1630696.png
1630188,Jalen Smith,https://cdn.nba.com/headshots/nba/latest/1040x760/1630188.png
1642449,Tolu Smith,https://cdn.nba.com/headshots/nba/latest/1040x760/1642449.png
1641890,Tyler Smith,https://cdn.nba.com/headshots/nba/latest/1040x760/1641890.png
1631095,Jabari Smith Jr.,https://cdn.nba.com/headshots/nba/latest/1040x760/1631095.png
1641733,Nick Smith Jr.,https://cdn.nba.com/headshots/nba/latest/1040x760/1641733.png
1631110,Jeremy Sochan,https://cdn.nba.com/headshots/nba/latest/1040x760/1631110.png
1642285,Cam Spencer,https://cdn.nba.com/headshots/nba/latest/1040x760/1642285.png
1630311,Pat Spencer,https://cdn.nba.com/headshots/nba/latest/1040x760/1630311.png
1630531,Jaden Springer,https://cdn.nba.com/headshots/nba/latest/1040x760/1630531.png
1641815,Isaiah Stevens,https://cdn.nba.com/headshots/nba/latest/1040x760/1641815.png
1630205,Lamar Stevens,https://cdn.nba.com/headshots/nba/latest/1040x760/1630205.png
1630191,Isaiah Stewart,https://cdn.nba.com/headshots/nba/latest/1040x760/1630191.png
1631124,Julian Strawther,https://cdn.nba.com/headshots/nba/latest/1040x760/1631124.png
1629622,Max Strus,https://cdn.nba.com/headshots/nba/latest/1040x760/1629622.png
1630591,Jalen Suggs,https://cdn.nba.com/headshots/nba/latest/1040x760/1630591.png
1631306,Cole Swider,https://cdn.nba.com/headshots/nba/latest/1040x760/1631306.png
1630256,Jae'Sean Tate,https://cdn.nba.com/headshots/nba/latest/1040x760/1630256.png
1628369,Jayson Tatum,https://cdn.nba.com/headshots/nba/latest/1040x760/1628369.png
1630678,Terry Taylor,https://cdn.nba.com/headshots/nba/latest/1040x760/1630678.png
202066,Garrett Temple,https://cdn.nba.com/headshots/nba/latest/1040x760/202066.png
1631207,Dalen Terry,https://cdn.nba.com/headshots/nba/latest/1040x760/1631207.png
1628464,Daniel Theis,https://cdn.nba.com/headshots/nba/latest/1040x760/1628464.png
1630560,Cam Thomas,https://cdn.nba.com/headshots/nba/latest/1040x760/1630560.png
1641708,Amen Thompson,https://cdn.nba.com/headshots/nba/latest/1040x760/1641708.png
1641709,Ausar Thompson,https://cdn.nba.com/headshots/nba/latest/1040x760/1641709.png
1630679,Ethan Thompson,https://cdn.nba.com/headshots/nba/latest/1040x760/1630679.png
202691,Klay Thompson,https://cdn.nba.com/headshots/nba/latest/1040x760/202691.png
202684,Tristan Thompson,https://cdn.nba.com/headshots/nba/latest/1040x760/202684.png
1630550,JT Thor,https://cdn.nba.com/headshots/nba/latest/1040x760/1630550.png
1629680,Matisse Thybulle,https://cdn.nba.com/headshots/nba/latest/1040x760/1629680.png
1630214,Xavier Tillman,https://cdn.nba.com/headshots/nba/latest/1040x760/1630214.png
1631166,Drew Timme,https://cdn.nba.com/headshots/nba/latest/1040x760/1631166.png
1641772,Nae'Qwan Tomlin,https://cdn.nba.com/headshots/nba/latest/1040x760/1641772.png
1642260,Nikola Topić,https://cdn.nba.com/headshots/nba/latest/1040x760/1642260.png
1631210,Jacob Toppin,https://cdn.nba.com/headshots/nba/latest/1040x760/1631210.png
1630167,Obi Toppin,https://cdn.nba.com/headshots/nba/latest/1040x760/1630167.png
1626157,Karl-Anthony Towns,https://cdn.nba.com/headshots/nba/latest/1040x760/1626157.png
1642422,Armel Traoré,https://cdn.nba.com/headshots/nba/latest/1040x760/1642422.png
1631247,Luke Travers,https://cdn.nba.com/headshots/nba/latest/1040x760/1631247.png
1629018,Gary Trent Jr.,https://cdn.nba.com/headshots/nba/latest/1040x760/1629018.png
1631131,Oscar Tshiebwe,https://cdn.nba.com/headshots/nba/latest/1040x760/1631131.png
200782,P.J. Tucker,https://cdn.nba.com/headshots/nba/latest/1040x760/200782.png
1626167,Myles Turner,https://cdn.nba.com/headshots/nba/latest/1040x760/1626167.png
1641816,Hunter Tyson,https://cdn.nba.com/headshots/nba/latest/1040x760/1641816.png
1642281,Jaylon Tyson,https://cdn.nba.com/headshots/nba/latest/1040x760/1642281.png
1630649,Stanley Umude,https://cdn.nba.com/headshots/nba/latest/1040x760/1630649.png
202685,Jonas Valančiūnas,https://cdn.nba.com/headshots/nba/latest/1040x760/202685.png
1627832,Fred VanVleet,https://cdn.nba.com/headshots/nba/latest/1040x760/1627832.png
1629020,Jarred Vanderbilt,https://cdn.nba.com/headshots/nba/latest/1040x760/1629020.png
1630170,Devin Vassell,https://cdn.nba.com/headshots/nba/latest/1040x760/1630170.png
1629216,Gabe Vincent,https://cdn.nba.com/headshots/nba/latest/1040x760/1629216.png
1641774,Tristan Vukcevic,https://cdn.nba.com/headshots/nba/latest/1040x760/1641774.png
202696,Nikola Vučević,https://cdn.nba.com/headshots/nba/latest/1040x760/202696.png
1629731,Dean Wade,https://cdn.nba.com/headshots/nba/latest/1040x760/1629731.png
1630532,Franz Wagner,https://cdn.nba.com/headshots/nba/latest/1040x760/1630532.png
1629021,Moritz Wagner,https://cdn.nba.com/headshots/nba/latest/1040x760/1629021.png
1631133,Jabari Walker,https://cdn.nba.com/headshots/nba/latest/1040x760/1631133.png
1641716,Jarace Walker,https://cdn.nba.com/headshots/nba/latest/1040x760/1641716.png
1629022,Lonnie Walker IV,https://cdn.nba.com/headshots/nba/latest/1040x760/1629022.png
1641717,Cason Wallace,https://cdn.nba.com/headshots/nba/latest/1040x760/1641717.png
1630811,Keaton Wallace,https://cdn.nba.com/headshots/nba/latest/1040x760/1630811.png
1641775,Jordan Walsh,https://cdn.nba.com/headshots/nba/latest/1040x760/1641775.png
1642266,Ja'Kobe Walter,https://cdn.nba.com/headshots/nba/latest/1040x760/1642266.png
1642276,Kel'el Ware,https://cdn.nba.com/headshots/nba/latest/1040x760/1642276.png
1629023,P.J. Washington,https://cdn.nba.com/headshots/nba/latest/1040x760/1629023.png
1631102,TyTy Washington Jr.,https://cdn.nba.com/headshots/nba/latest/1040x760/1631102.png
1630322,Lindy Waters III,https://cdn.nba.com/headshots/nba/latest/1040x760/1630322.png
1630570,Trendon Watford,https://cdn.nba.com/headshots/nba/latest/1040x760/1630570.png
1641817,Anton Watson,https://cdn.nba.com/headshots/nba/latest/1040x760/1641817.png
1631212,Peyton Watson,https://cdn.nba.com/headshots/nba/latest/1040x760/1631212.png
1642377,Jaylen Wells,https://cdn.nba.com/headshots/nba/latest/1040x760/1642377.png
1641705,Victor Wembanyama,https://cdn.nba.com/headshots/nba/latest/1040x760/1641705.png
1631104,Blake Wesley,https://cdn.nba.com/headshots/nba/latest/1040x760/1631104.png
201566,Russell Westbrook,https://cdn.nba.com/headshots/nba/latest/1040x760/201566.png
1630762,Phillip Wheeler,https://cdn.nba.com/headshots/nba/latest/1040x760/1630762.png
1629632,Coby White,https://cdn.nba.com/headshots/nba/latest/1040x760/1629632.png
1628401,Derrick White,https://cdn.nba.com/headshots/nba/latest/1040x760/1628401.png
1641727,Dariq Whitehead,https://cdn.nba.com/headshots/nba/latest/1040x760/1641727.png
1641715,Cam Whitmore,https://cdn.nba.com/headshots/nba/latest/1040x760/1641715.png
1630598,Aaron Wiggins,https://cdn.nba.com/headshots/nba/latest/1040x760/1630598.png
203952,Andrew Wiggins,https://cdn.nba.com/headshots/nba/latest/1040x760/203952.png
1631214,Alondes Williams,https://cdn.nba.com/headshots/nba/latest/1040x760/1631214.png
1630314,Brandon Williams,https://cdn.nba.com/headshots/nba/latest/1040x760/1630314.png
1642262,Cody Williams,https://cdn.nba.com/headshots/nba/latest/1040x760/1642262.png
1629684,Grant Williams,https://cdn.nba.com/headshots/nba/latest/1040x760/1629684.png
1631114,Jalen Williams,https://cdn.nba.com/headshots/nba/latest/1040x760/1631114.png
1631119,Jaylin Williams,https://cdn.nba.com/headshots/nba/latest/1040x760/1631119.png
1629026,Kenrich Williams,https://cdn.nba.com/headshots/nba/latest/1040x760/1629026.png
1631109,Mark Williams,https://cdn.nba.com/headshots/nba/latest/1040x760/1631109.png
1631466,Nate Williams,https://cdn.nba.com/headshots/nba/latest/1040x760/1631466.png
1630172,Patrick Williams,https://cdn.nba.com/headshots/nba/latest/1040x760/1630172.png
1630533,Ziaire Williams,https://cdn.nba.com/headshots/nba/latest/1040x760/1630533.png
1629057,Robert Williams III,https://cdn.nba.com/headshots/nba/latest/1040x760/1629057.png
1631246,Vince Williams Jr.,https://cdn.nba.com/headshots/nba/latest/1040x760/1631246.png
1629627,Zion Williamson,https://cdn.nba.com/headshots/nba/latest/1040x760/1629627.png
1630592,Jalen Wilson,https://cdn.nba.com/headshots/nba/latest/1040x760/1630592.png
1630164,James Wiseman,https://cdn.nba.com/headshots/nba/latest/1040x760/1630164.png
1631209,Isaiah Wong,https://cdn.nba.com/headshots/nba/latest/1040x760/1631209.png
1626153,Delon Wright,https://cdn.nba.com/headshots/nba/latest/1040x760/1626153.png
1627824,Guerschon Yabusele,https://cdn.nba.com/headshots/nba/latest/1040x760/1627824.png
1642385,Cui Yongxi,https://cdn.nba.com/headshots/nba/latest/1040x760/1642385.png
1642443,Jahmir Young,https://cdn.nba.com/headshots/nba/latest/1040x760/1642443.png
1629027,Trae Young,https://cdn.nba.com/headshots/nba/latest/1040x760/1629027.png
1627826,Ivica Zubac,https://cdn.nba.com/headshots/nba/latest/1040x760/1627826.png
1641783,Tristan da Silva,https://cdn.nba.com/headshots/nba/latest/1040x760/1641783.png
1628427,Vlatko Čančar,https://cdn.nba.com/headshots/nba/latest/1040x760/1628427.png
203967,Dario Šarić,https://cdn.nba.com/headshots/nba/latest/1040x760/203967.png
